ticket_id,subject,body,answer,type,queue,priority,language
1,Problem with Server During Peak Hours,"To Whom It May Concern, I hope this message finds you well. I am reaching out due to a server outage that happened during our busiest period. It might have been caused by a server overload. My team has tried to address the issue by restarting the servers and reviewing the logs, but the problem still exists. I kindly request your assistance in looking into this issue promptly and offering a solution to prevent similar occurrences in the future. The downtime has greatly affected our operations, and we urgently need to return to normal. Please let us know if there is any information you require from us to help investigate and resolve this matter. Thank you for your swift response. We are looking forward to hearing from you soon.","Dear [Customer Name], Thank you for your email regarding the server outage that took place during your peak hours. I apologize for the disruption this caused to your operations. I am here to help resolve this issue as quickly as possible. Could you please provide more information about the server overload and the actions your team has taken so far? Additionally, it would be helpful if you could share your [account_number] and a convenient time to call you at [telephone_number] to discuss this further. I will investigate this matter urgently and work closely with you to prevent such issues in the future. Thank you for your understanding and cooperation.",Incident,Service Outages and Maintenance,medium,en
2,Concern Regarding Data Security Breach,Data security breaches have affected the hospital's systems due to the use of outdated software.,Immediate investigation into the data security breach issue is required.,Incident,Technical Support,low,en
3,Modify Employee Training Curriculum for Data Analytics,"I am contacting you to suggest updating the employee training curriculum to include data analytics, specifically for investment optimization. This addition would help employees make better-informed decisions and contribute to our company's growth. We recommend including modules on data visualization, statistical analysis, and machine learning. Real-life examples and case studies would be particularly useful to demonstrate the practical application of these skills in investment optimization. Also, we would like to offer hands-on practice for employees to apply their new knowledge. I believe this change would be a significant asset for the company. May we schedule a call at <tel_num> to discuss this further? We look forward to your reply regarding account <acc_num>.","Dear <name>, we thank you for proposing to update the employee training curriculum to incorporate data analytics for investment optimization. We recognize the importance of training employees to make well-informed decisions and foster business growth. We will review your proposal and consider including topics such as data visualization, statistical analysis, and machine learning. To better understand your request, could we arrange a call at <tel_num>? We will be in touch soon regarding account <acc_num> to discuss the next steps.",Change,Human Resources,medium,en
4,Project Management Portal Freezing Issues,"The project management portal has frozen unexpectedly. It could be due to incompatible software updates. After restarting the system and clearing the cache, the problem still exists.",I will look into the project management portal issue. Please provide your account details and a convenient time for a callback to help further diagnose the problem.,Incident,Customer Service,medium,en
5,No subject,"Dear Customer Support, I am writing to request enhancements to our digital marketing strategies in order to improve brand growth and customer engagement initiatives. While our current strategies have shown success, I believe a more tailored approach could further increase our online presence and better engage our target audience. Specifically, I would like to explore new social media campaigns, email marketing initiatives, and search engine optimization techniques. I believe that working together, we can create an effective digital marketing plan that benefits our business.","Thank you for reaching out to us to enhance your digital marketing strategies. We would be happy to discuss ways to improve your brand growth and customer engagement initiatives. To better understand your needs, could you please provide us with information on your current strategies and goals? We can then schedule a convenient call to explore new social media campaigns, email marketing initiatives, and search engine optimization techniques that will benefit your business.",Change,Technical Support,high,en
6,Unanticipated Medical Information Leak Was Noted,"Incident details: An unforeseen medical information leak transpired during the night. Possible reasons: Potential vulnerability in the firewall setup. Actions taken: Servers were restarted, log files were examined, and IT personnel were informed.",I plan to delve into the medical information leak. Kindly furnish additional information regarding the logs and IT staff feedback. We can schedule a call to discuss further at <tel_num> if necessary.,Problem,Technical Support,high,en
7,Problem with Inconsistency in Digital Campaign Data,"The campaign metrics are not aligning properly, which might be due to an integration problem. Despite restarting the software and reviewing the input data, the issue remains unresolved. Assistance is required to address this data inconsistency.","I have noted your concerns about the digital campaign data inconsistency. To provide better support, could you share more specifics about the discrepancies and the tools you have restarted? Alternatively, we can schedule a call at a time convenient for you to discuss this further.",Problem,IT Support,low,en
8,Security Enhancement for Medical Data,To Customer Support: I am contacting you to ask for the addition of end-to-end encryption for medical data across all relevant devices and software. This is vital to protect the privacy and safeguard sensitive patient information. I feel that this feature is crucial for both trust and adherence to regulatory guidelines. I would appreciate your timely consideration and action on this request. Thank you for your prompt attention to this significant concern.,"Hello <name>, thank you for contacting us to inquire about adding end-to-end encryption for medical data on connected devices and software. We recognize the importance of protecting the confidentiality and security of sensitive patient information and are grateful for your concern. We will evaluate this request and determine the practicality of adding this feature. Could you please give us more detail about the specific devices and applications you are interested in? At your convenience, we are also available to discuss this further via a call. Please indicate a preferable time for us.",Change,Product Support,low,en
9,Address Security Concern Detected,"An unauthorized access attempt has been identified on our hospital systems, which may compromise the security of medical data due to outdated software and inadequate network protocols. Initial security assessments have been carried out.","We take this security concern very seriously and need to investigate further. To assist you, could you please provide details of the preliminary security audits conducted? We will schedule a call at your earliest convenience to discuss the next steps to secure our systems and protect the medical data.",Incident,Product Support,low,en
10,No subject,"Dear Customer Support, I am inquiring about optimizing investment strategies using data analytics products and services. Could you provide insights and leverage the tools to make informed decisions? I would greatly appreciate your guidance on best practices for implementing data analytics in investment strategies. Additionally, could you inform me about the available products and services that can assist in this process? Thank you for your time and assistance. I look forward to hearing from you soon.","<name>, thank you for your inquiry regarding the optimization of investment strategies using data analytics products and services. Our team is prepared to provide guidance and best practices, utilizing the available tools to help you make informed decisions. Please contact <tel_num> to discuss and explore suitable options that meet your needs.",Request,Billing and Payments,high,en
11,Enhancing Digital Marketing Strategies for Boosted Brand Growth,I need assistance in improving my digital marketing strategies to better analyze and enhance brand growth.,"Dear [name], we acknowledge your request for help in improving digital marketing strategies and analytics to boost brand growth. To better understand your needs, could you please provide information on your current marketing efforts and specific goals? This will enable us to provide tailored guidance and recommendations for improvement. For your convenience, please schedule a call at <tel_num> to discuss at a mutually convenient time. Please let us know a suitable time to reach you.",Change,Technical Support,high,en
12,Challenges in Marketing Campaigns,"Our digital marketing campaigns are not performing well, which is hindering brand growth. I believe the issue lies with the targeting strategy. After reviewing the analytics and adjusting ad budgets, there has been little improvement. I need assistance in identifying the root cause to optimize the campaigns for better results.",Let's review the campaigns and discuss the issues. Please contact us at <tel_num> to schedule a meeting where we can identify the root cause and develop optimization strategies.,Problem,Returns and Exchanges,low,en
13,Inquiry on Upgrading Data Analytics Software,"Hello Customer Support, We are interested in upgrading our data analytics software to enhance our investment forecasting and optimization tools. We seek a solution that offers more precise predictions and aids in making informed decisions. Could you please furnish us with details about the available options and their features? Your guidance on selecting the most suitable solution for us would be greatly appreciated. Thanks for your time and support.",I will go through our data analytics software options and send you relevant information on features and pricing. I will reach out to you at a convenient time to discuss further and help determine the best solution for your needs.,Change,Technical Support,high,en
14,No subject,"unauthorized access attempt identified in medical data systems, raising concerns about data security. password resets have been enforced, and access logs have been reviewed for suspicious activity. assistance is needed.",glad to help address potential data security concerns. please provide details on the unauthorized access attempt. a specialist will review the case and contact you at your convenient time to discuss the necessary steps. i will be available for a call at your earliest convenience. <tel_num>,Incident,Technical Support,high,en
15,Data Analytics Dashboard Encountered a Sudden Malfunction,"Dear Client Support, I am formally reporting an anomaly with my data analytics dashboard. It unexpectedly halted, and I cannot ascertain the reason behind this. I suspect possible issues with storage insufficiency or software interactions. Despite attempting to reset Pinnacle Studio and verifying my UniFi connections, the problem remains unresolved. I would be immensely grateful if you could provide the necessary assistance to fix this. Kindly inform me if there are additional steps I should undertake to diagnose the problem or if further information is needed from me. I appreciate your prompt attention to this matter.","Dear [name], we apologize for the disruption you are experiencing with your data analytics dashboard. We value the efforts you have already made, like restarting Pinnacle Studio and validating your UniFi connections. To better address your issue, could you kindly provide the exact error message you encounter during the crash? Also, could you specify the version of Pinnacle Studio you are using and the last time everything was functioning correctly? Should we need to delve deeper, we can arrange a call at your convenience, such as [tel_num], to discuss the issue further and explore potential solutions, including verifying software updates or storage conditions related to your [acc_num]. We are committed to resolving the issue as swiftly as possible.",Problem,IT Support,medium,en
16,Implement Monday IBM Cloud,Could you provide details on the integration process?,"<name>, thank you for contacting our service desk. To implement the integration of Monday with IBM Cloud, we will use an API and a third-party connector. For detailed information, we would like to schedule a call at your convenience. Please let us know a suitable time so we can assist with the integration process. <acc_num>",Request,Technical Support,medium,en
17,Protection of Medical Information in Oracle Database 19c,"Respected Customer Support, I am contacting you to ask about the security measures that are in place to safeguard medical data within Oracle Database 19c. I am particularly interested in knowing how the database ensures the confidentiality, integrity, and availability of sensitive medical information. Are there any particular settings or configurations that must be set up to secure this data effectively? Additionally, does Oracle Database 19c comply with any regulatory standards, such as HIPAA? I would really appreciate any informational resources or advice you could offer to help me understand the security features of Oracle Database 19c and how to use them to protect medical data. Thank you for your assistance.","Hello <name>, thank you for your inquiry about medical data security in Oracle Database 19c. Oracle Database 19c is equipped with comprehensive security features to maintain the confidentiality, integrity, and availability of sensitive medical data. We comply with standards like HIPAA. For detailed configurations and settings, I suggest you refer to our security guidelines available on our website. If you require additional assistance, I can call you at <tel_num> to discuss your concerns in more depth at a time that is convenient for you.",Request,Technical Support,medium,en
18,Product Support Inquiry,"Requesting an update on the product's compatibility and integration features. The product currently performs well with specific software tools. We would greatly appreciate it if you could look into updating the features to improve performance, as this would significantly enhance our experience with the product. Please let us know your plans to address this issue. We look forward to hearing from you soon.","Dear <name>, thank you for reaching out to us regarding the compatibility and integration issues with the product. We apologize for any inconvenience this may have caused. We would like to investigate the matter and need specific information about the software tools you are using. Could you please provide details on the issues you are experiencing? We are able to provide an update on our plans to address the issue and improve performance. We will be in touch soon to discuss this further.",Change,Returns and Exchanges,medium,en
19,Trouble with Barcode Scanner Connection,"Respected Customer Support, I am encountering difficulties with the barcode scanner integration. It seems the problem might be related to mismatched API versions. I've attempted to restart the services and reviewed the configurations, but the issue still persists. I would greatly appreciate your investigation and a solution. This error is disrupting our workflow and we require immediate resolution. Thank you for your attention and help.",I am currently examining your barcode scanner integration problem and will investigate the API version compatibility. I will reach out to you at <tel_num> to discuss further and provide a solution to address the issue as soon as possible.,Problem,IT Support,medium,en
20,Elasticsearch HIPAA Compliance,"Dear Customer Support, I am contacting you to seek information on the security measures that ensure HIPAA compliance for medical data housed on Elasticsearch. As you are aware, HIPAA is a federal regulation that aims to secure sensitive patient health information. Elasticsearch is a robust search and analytics platform, yet it necessitates appropriate security configurations to guarantee the confidentiality, integrity, and availability of medical data. Could you provide details on the security measures in place to prevent unauthorized access, data breaches, and other security risks? Specifically, I am interested in learning about the access controls, encryption, and auditing procedures. Are there any supplementary security features or plugins that can be employed to further protect medical data on Elasticsearch? I would greatly appreciate any advice or suggestions you can offer regarding this issue. Thank you for your time and support. Sincerely, [Your Name]","We have established access controls, encryption, and auditing mechanisms to uphold HIPAA compliance, and provide additional security features and plugins to enhance the protection of medical data on Elasticsearch, such as encryption at rest and in transit, and role-based access control.",Request,Product Support,high,en
21,Network Connectivity Problem,"I recently experienced connectivity issues with the Mesh Network, which are impacting data-sharing capabilities. These issues might have arisen due to recent software updates. I have already restarted the network, checked device configurations, and updated relevant applications, but the problem still persists and is causing significant disruptions to operations. Urgent assistance is needed to resolve this matter. Could you please provide guidance? An in-depth analysis is required. I appreciate your prompt attention to this issue and look forward to hearing from you.","Please review the network issue and contact us at <tel_num> to discuss potential troubleshooting steps and schedule an in-depth analysis to resolve the connectivity problem, which is affecting data-sharing capabilities.",Problem,Technical Support,medium,en
22,System Encryption Issue Detected,"The encryption process for medical data stopped working suddenly last night. It's possible that the GitHub dependencies are out of date and causing conflicts. We have already rebooted the servers and reviewed the firewall logs, yet the problem continues.",I have noted your concern about the system encryption failure. Could you kindly share more information on the specific GitHub dependencies you believe are outdated? This will help me in conducting a thorough investigation and providing the necessary assistance to resolve the matter.,Incident,IT Support,high,en
23,Urgent Assistance Required for Medical Data Security Breach,"Respected Customer Service Team, I am concerned about the recent unauthorized exposure of medical details via unsecured equipment. This is a serious matter as it endangers the privacy and confidentiality of patients' health data. Upon investigation, it seems that the breach could be due to weak encryption and access controls. I have updated the antivirus and checked the firewall but the problem remains unresolved. I hope you can address this urgently and suggest measures to avoid future incidents. Please supply any necessary information to aid your examination. I can be contacted at this email for further details. I eagerly await your quick intervention. Best regards, [Your Name]","Dear [Your Name], We are swiftly responding to the reported medical data security breach. To proceed, we need specific information regarding the affected devices and when the leak was noticed. Could you please specify the device types and the approximate date when the issue was discovered? Additionally, I will contact you at [tel_num] for a detailed discussion and to arrange a time for a thorough examination if needed. Your swift response is crucial to managing this promptly and preventing further breaches. Thank you.",Incident,Product Support,high,en
24,Concern About Security in Medical Data Access,Seeking assistance with security procedures,Urgent concern regarding security issues with medical data access. Requesting assistance with security protocols. Please provide details on the issue you are experiencing. I am happy to assist in resolving the problem and can schedule a call at a convenient time to discuss further.,Problem,Billing and Payments,medium,en
25,Data analysis dashboard loading problem,"The data analysis dashboard is unable to load. Restarting the system and adjusting the firewall settings did not resolve the issue, which might be due to incompatible software updates. Kindly help me address this problem.",I will look into the issues with your data analysis dashboard and get back to you as soon as possible to discuss potential conflicts with software updates and additional troubleshooting actions.,Incident,Product Support,medium,en
26,Revise Digital Marketing Techniques,"Customer Support, we are seeking to update our digital marketing strategies using advanced tools to enhance brand growth and improve marketing effectiveness across various platforms. While our current strategies are meeting our goals, we recognize the need to adapt to the changing market landscape. We would appreciate the opportunity to schedule a meeting with the team to discuss potential solutions and the implementation of new tools to improve our online presence. This will help us better engage with our target audience, increase brand awareness, and drive results.","We appreciate your email regarding the revision of digital marketing strategies to enhance brand growth and marketing effectiveness. We understand that while our current strategies are meeting our goals, there is a need to adapt to the changing market landscape. We would be happy to schedule a meeting with the team to discuss potential solutions and the implementation of new tools to enhance our online presence. Please provide us with the specific information about your current digital marketing strategies and the areas where you would like to see improvements.",Change,IT Support,medium,en
27,Customer Support Update,"I hope this message finds you well. We are reaching out to request an update on our website to incorporate our new digital marketing services and reflect our brand growth strategies. Recently, we have introduced social media management and search engine optimization into our service offerings. It's important that our website accurately represents these additions. Furthermore, we have refreshed our brand identity, and we would like to ensure that the website's language and tone match our new brand voice. Could you help us with these updates?","Certainly, I am more than willing to assist you with updating your website to include your new digital marketing services and brand growth strategies. To proceed, could you provide more information regarding the specific changes you wish to implement, including the updated brand identity and brand voice? Please also share any relevant materials such as logos, color schemes, and tone guidelines. I will review the details and will contact you at <tel_num> for a call to discuss the next steps and the timeline for the update. If it's convenient, I will reach out to you at your preferred time to go over these matters further.",Change,Customer Service,low,en
28,Guidelines for Secure Medical Data Storage on TP-Link Switches,"Hello customer support, I am interested in understanding the recommended security measures for storing medical data on TP-Link switches. Can you furnish me with details on this topic? I am keen to learn about the security protocols and configurations that can be implemented to protect the confidentiality and integrity of the data. Are there any particular settings or configurations that you recommend? I am grateful for your help and anticipation of your response. Thank you for your support.","Dear <name>, thank you for contacting us about securing medical data on TP-Link switches. To maintain the security and integrity of this data, we advise enabling WPA2 encryption, establishing a guest network, and configuring a firewall to allow access only to authorized individuals. Regularly updating the switch's firmware and using strong passwords for all accounts is also essential. We recommend setting up VLANs to separate medical data from other network traffic. If you require further guidance on configuring these settings, please inform us, and we can provide detailed instructions or schedule a call at a suitable time for you. Please provide your <acc_num> and a preferred time to call.",Request,Product Support,medium,en
29,Problems with Delays in SaaS Platform,"During peak usage times, the SaaS platform is facing latency issues that might be caused by server resource limitations or inefficient database queries. Efforts to optimize queries and scale server resources have been made but the problem continues. We need your help in resolving this issue as soon as possible to ensure a smooth user experience.","We will investigate the latency issues in the SaaS platform, review the optimization efforts that have been made, and determine the next steps to resolve the issue and ensure a seamless experience for our customers.",Problem,Technical Support,high,en
30,SAP ERP Analytics Tools Inquiry,I am contacting you to inquire about the analytics tools that integrate with SAP ERP for investment optimization. Could you please provide me with a list of compatible tools and their features? It would be greatly appreciated if you could offer any guidance on how to select the most suitable tool for my organization's requirements.,"Dear <name>, we received your email inquiring about SAP ERP analytics tools for investment optimization. We have several compatible tools with different features. To offer a curated list, we need more information about your organization's specific needs and expectations. Could you provide more details about your objectives and expectations? I would be pleased to discuss this further with you and assist in choosing the best tool for your organization. Would you be available for a call at your convenience to discuss this further?",Request,Technical Support,medium,en
31,Assistance with Integrating Tools for Project Management and Collaboration,"Dear Customer Support Team, I am reaching out to inquire about integrating various tools to enhance our project management and collaboration processes. This would significantly boost our team's productivity and efficiency. Could you provide details on how to proceed with this integration, including any recommendations or existing solutions? Additionally, I would appreciate information on tools or plugins that could help us achieve this goal. I look forward to your response and any insights you can provide. Thank you for your support and assistance. I am eager to explore and implement these enhancements to improve our team's performance.","Dear <name>, thank you for contacting our support team. We value your interest in integrating multiple tools to optimize project management and collaboration. To better address your needs, could you please specify the tools you are currently using and the features you wish to integrate? This will help us recommend suitable solutions and existing plugins. If necessary, we can schedule a call at <tel_num> for a more detailed discussion. We are eager to assist you in enhancing your team's productivity and workflow.",Change,Customer Service,medium,en
32,No subject,"Dear customer support, I am facing issues with the performance of the agency's social media ads, which have resulted in a drop in engagement. I suspect that the problem might be related to targeting issues. Despite trying to adjust the audience demographics, there has been no significant improvement. I am seeking your assistance to resolve this issue. Could you please help identify the cause of the underperformance and provide guidance on how to improve the targeting for our social media ads? Your help would be greatly appreciated.","<name> is happy to assist with the issue you are experiencing with your social media ads. We understand that the underperformance has decreased engagement, and to provide effective assistance, we need more details about your current ad campaign, including the platform used and the audience demographics that have been tried so far. Could you please provide more details on the ad campaign and the changes made to the audience demographics? We will review the information provided and offer guidance to improve the targeting.",Problem,Customer Service,low,en
33,No subject,"Customer Support, we are reaching out to request an enhancement to improve the compatibility of our applications across multiple platforms, which would greatly enhance the user experience in project management. Currently, our team is facing challenges in seamlessly integrating different tools and software, which hinders our productivity and efficiency. Enhancing compatibility would allow us to work more smoothly and effectively. We believe that this improvement would greatly benefit our workflow and overall project outcomes. We would appreciate it if you could consider our request.","Dear <name>, thank you for reaching out to us to request an enhancement to improve the compatibility of your applications across multiple platforms, which would greatly enhance the user experience in project management. We appreciate the time you took to share the challenges your team is facing in integrating different tools and software. We understand the importance of seamless integration for productivity and efficiency. We will definitely consider your request and look into possible solutions to enhance compatibility. To better assist you, could you please provide us with more specific information?",Change,Technical Support,high,en
34,Inquiry into System Requirements for H2O.ai Integration,"Hello Customer Support Team, I am contacting you to seek information regarding the system requirements needed for integrating H2O.ai into our project management SaaS solution. We are eager to use H2O.ai to upgrade our project management platform, but we need to confirm that our current system is compatible. Could you kindly share the following details: the supported operating systems, the required processor and memory specifications, and any other software or dependencies that are essential? We would greatly appreciate any available documentation or guides that could assist us in the integration process. Moreover, could you inform us about any necessary security measures or configurations to ensure a secure integration? We are looking forward to your response and are excited about the potential of integrating H2O.ai with our project management SaaS. Thank you for your support. Best regards, [Your Name]","The system requirements for integrating H2O.ai and security protocols will be sent via email. Alternatively, we can schedule a call at <tel_num> to discuss further and address any questions you have.",Request,Technical Support,high,en
35,Regarding Inaccurate Campaign Metrics,"Dear customer support team, I am contacting you to bring to your attention an issue with the accuracy of my campaign metrics. Recently, discrepancies in the data have emerged, and I suspect they might be related to an error in the API integration. Despite restarting systems and verifying settings, the issue remains unresolved. I would greatly appreciate your prompt investigation and resolution of this matter, as the inaccurate metrics are impacting our decision-making process. Please inform me if you require further details to address this issue.","Thank you for your email concerning the inaccuracy of your campaign metrics. I regret to hear about the data discrepancies and the urgency of this situation. I will proceed to investigate this issue and may require some additional information from you. Could you please provide more details about the API integration and the settings you have already checked? If necessary, I can arrange a call at a convenient time for us to discuss this further. You can contact me at <tel_num> or let me know if you prefer an email response. I will strive to resolve this issue swiftly so that your campaign metrics can be accurate again.",Incident,Product Support,medium,en
36,Enquiry on Handheld Scanner Costs,"Hello Customer Support, I hope this message finds you well. I am currently looking into the Handheld Scanner for our business and am in need of detailed information about its pricing and associated expenses. Could you kindly share a comprehensive pricing list, including any promotional offers or reductions that might be applicable? Additionally, I would like to know about any extra charges such as delivery or maintenance. We are enthusiastic about incorporating this equipment into our operations and are keen to understand its full potential in our business. Kindly inform me if there are any specific prerequisites or specifications to consider when using the Handheld Scanner. Furthermore, we would appreciate details on any training or support materials available to help us maximize the benefits of this product. Looking forward to your prompt response. Thank you for your support and assistance. Sincerely, [Your Name]","Dear [Name], thank you for your inquiry concerning the Handheld Scanner pricing. I will send you a detailed pricing report shortly. Please allow me to call you at [Tel Num] to discuss the specifics in more detail.",Request,Billing and Payments,low,en
37,Urgent Data Breach Assistance Required,"Unauthorised access to medical records, likely due to weak password protocols.","Dear <name>, we regard data breaches with the utmost seriousness and extend our apologies for the unauthorised access to your medical records. Given your concern about weak passwords, we assure you that we are swiftly implementing enhanced security measures. To provide better assistance, could you share more details about the incident and any steps you have already taken? Please also provide information when you first discovered the breach and other pertinent information. We need to verify your identity before proceeding and request that we arrange a call at your earliest convenience, using the provided <tel_num>.",Incident,Technical Support,medium,en
38,Incorrect digital services invoice,"There seems to be an error in the invoice I received for digital services. It could be due to an obsolete billing system or a mistake from a human. I have reached out to the billing department and reviewed the invoice, but the issue still exists. I would be grateful if you could investigate and send a corrected invoice. If you need more details from me, please inform me.","I am investigating the issue with your digital services invoice. To better help you, could you provide your account number and the invoice number? I'll look into the matter and aim to send a corrected invoice as soon as possible. If necessary, I might also need to call you at your phone number to discuss this further; please provide a convenient time. Thank you for your patience and cooperation.",Incident,Billing and Payments,low,en
39,No subject,Do you require assistance in optimizing your investments through the use of data analytics tools such as Scikit-learn and Smartsheet? We can provide detailed insights but need more information about your current setup and goals.,"We can assist in optimizing your investments using tools like Scikit-learn and Smartsheet and provide detailed insights. However, we need information about your current setup and goals. Could you please provide details on your investment data to help us achieve your objectives? We are happy to schedule a call at your convenience to discuss further.",Request,Returns and Exchanges,low,en
40,Digital Marketing Strategy Upgrade,"Hello Customer Support, <br><br>Could you please assist in updating our digital marketing strategy for various technology products like smartphones, laptops, and tablets? Our current strategy has been in place for a while, and we aim to enhance brand awareness and sales. <br><br>We are keen to have a marketing strategy that caters to the unique features and target audience of each product. Our aim is to expand our online footprint, drive more visitors to our website, and ultimately increase sales. <br><br>We would appreciate your advice on how to update our digital marketing strategy. Any suggestions on effective strategies and useful tools or resources would be greatly appreciated. <br><br>We are particularly interested in focusing on social media marketing, search engine optimization, and email marketing. Additionally, we are open to exploring innovative methods like influencer marketing and content marketing to reach our target audience. <br><br>We look forward to your insights and support. Thank you for your time and assistance. <br><br>Sincerely, <br>[Your Name]","Hello [Your Name], <br><br>I am happy to assist you in updating your digital marketing strategy. For a more personalized approach, could you provide details about your current online presence and marketing efforts? Additionally, please call me at [Tel_num] to discuss your objectives and goals in more detail. We can then explore the best strategies for social media marketing, search engine optimization, and email marketing, as well as other innovative methods to boost your brand visibility and sales.",Change,Product Support,medium,en
41,No subject,"Respected customer support, I am contacting you to report a problem with our digital campaign. It unexpectedly stopped working and we're uncertain of the reason. We believe it could be because of updated software that is not compatible. Despite restarting the systems and checking the configurations, the issue is still occurring. We would be grateful if you could look into this and provide a solution at the earliest. Please inform us if you need more information from us to address the issue. We look forward to your response. Thank you for your time and help.","Dear <name>, we regret the issues encountered with your digital campaign and thank you for bringing it to our notice. We will look into the cause of the crash and work to resolve it promptly. To assist in the investigation, could you please provide us with details about the recently installed software updates and the specific error message you are receiving. If needed, we may arrange a call; are you available for a call at <tel_num> or do you prefer another time? We will contact you shortly to update you on the status of the issue.",Incident,Technical Support,high,en
42,Enhance Digital Strategy Promptly,"Greetings Customer Support, I am reaching out to seek advice on enhancing our digital strategy to boost our brand engagement and online presence right away. Our current online presence is not as strong as we would like, and we need to act quickly to improve it. I would appreciate more details on the services you offer and how you can assist us in achieving our goals. Specifically, I am very interested in learning more about your social media management and content creation services. Could you please furnish me with additional information on these services and how they can help us increase our online presence and engagement? I look forward to your response and assistance. Thank you for your time and support.",I will review your request and provide you with information on our social media management and content creation services to enhance your online presence. I will also arrange a call at a convenient time for us to discuss more details.,Change,Technical Support,high,en
43,Issues with Investment Data,"Encountering discrepancies in investment data analysis results. These might be due to improper configuration or data integration issues in RapidMiner. So far, I have tried re-importing the data and verifying settings across ClickUp and PostgreSQL. I need assistance to resolve this issue to ensure accurate investment data analysis.","I am here to help with the discrepancies in the investment data analysis results. To better understand the issue, please provide details about the discrepancies you are seeing. I would like to schedule a call at your convenience to discuss and determine the best course of action to resolve the issue related to RapidMiner data integration. Please let me know a suitable time for the call.",Problem,Returns and Exchanges,high,en
44,Improve the User Experience of the Project Dashboard,"Hello Customer Support, I am contacting you to recommend an improvement to the project dashboard. At present, the dashboard is operational, yet it does not fully accommodate individual user preferences. I recommend adding customizable widgets to the dashboard, which would allow users to tailor their experience and highlight the features that are most important to them. This enhancement would not only enhance user contentment but also boost productivity by enabling users to concentrate on the most crucial elements of their projects. Additionally, customizable widgets would permit users to monitor key performance indicators and receive instant updates, supporting well-informed decision-making. I am convinced that this improvement would be a substantial leap towards providing a more personalized and efficient user experience. I eagerly await your feedback on this recommendation and the opportunities for implementation. Thank you for your attention and consideration.",We appreciate your suggestion and will review it promptly.,Change,Product Support,high,en
45,Details on System Requirements for Project Management SaaS,"I am keen on utilizing your project management software-as-a-service (SaaS) solution. Could you kindly furnish me with the system requirements for your platform? Specifically, I would appreciate knowing the minimum and recommended specifications to achieve the best performance. This will assist me in verifying the compatibility of my system with your solution. Thank you for your consideration and support.","Hello <name>, thank you for expressing interest in our project management SaaS solution. The minimum system requirements consist of a 2GHz processor, 4GB of RAM, and the latest versions of Chrome or Firefox. To optimize performance, we recommend 8GB of RAM and a 64-bit operating system. If you have any additional questions, feel free to contact me at <tel_num> for a detailed discussion.",Request,Sales and Pre-Sales,low,en
46,Concern About Unusual Billing,"Hello Customer Support, I am writing to highlight an unanticipated charge on my recent bill. Upon reviewing my invoices, I believe the error might stem from a misconfiguration of my subscription. Despite my previous attempts to address this with your team, the issue remains unresolved. Kindly investigate this and offer a resolution at your earliest convenience. Below are the details: Issue: Unusual charges on the billing statement. Suspected Cause: Incorrect subscription setup. Actions Taken: Reviewed invoices and contacted support without a solution. I trust your assistance will help in a swift resolution. Thank you for your attention and cooperation. I await your response. Sincerely, [Your Name]","Hello [Name], We are investigating the unexpected charge on your bill, which might be due to a misconfiguration in your subscription. To better assist you, could you please provide your account number and the date of the erroneous charge? We will review your account and work on resolving this as quickly as possible. Should we need to discuss the specifics, I may contact you at the number provided. We appreciate your patience and are committed to addressing this promptly. You can expect an update shortly. Kind regards, [Support Team Name]",Problem,Billing and Payments,medium,en
47,Software Integration Issue,"Dear customer support team, I am writing to request your assistance in optimizing the compatibility of our software with PHP 8.0. Our team is currently experiencing difficulties with the integration and would like to enhance the integration process with our existing project management tools. We believe that an optimization could significantly improve our workflow and productivity. Could you please provide us with a solution guide and help us through the process? Your time and assistance with this matter are greatly appreciated. Thank you for your support.","Dear [Name], we appreciate you reaching out to the team regarding the software integration issue with PHP 8.0. We understand the importance of optimizing compatibility to enhance workflow and productivity. To better assist you, could you please provide us with the details of the difficulties your team is facing during the integration, any specific error messages, and the tools you are currently using with the software? This information will allow us to provide a tailored solution and guide you through the process. Thank you for your time and assistance.",Change,Product Support,low,en
48,Inquiry About Product Features,"Hello Customer Support Team, I am writing to inquire about the features of your SaaS product, particularly focusing on project scalability and team collaboration. Could you provide details on how the product manages large projects involving multiple team members? I am also interested in learning more about the tools and features that the product offers, as well as the support aspects. Additionally, I would appreciate any information you can provide on pricing, security, and customer support. I am looking for a reliable and efficient solution that meets our team's needs, and I believe your product could be a good fit.","Dear [Name], thank you for reaching out to our customer support team. Our SaaS product offers robust features for project scalability and team collaboration, including tools for task management and real-time communication. We would be happy to provide you with more details on pricing, security, and customer support. Please let us know a convenient time to call you at [telephone number] to discuss your specific needs and answer any questions you may have regarding product support. Thank you.",Request,Customer Service,high,en
49,Detected Problem with Investment Projections,The investment forecasts appear inconsistent because of a discrepancy in the disposable income data. This issue may be due to the use of outdated consumer trend models. I have already attempted to update the software and recalibrate the algorithms.,Kindly furnish additional information regarding the inconsistent predictions so we can provide further assistance and possibly revise the models.,Problem,Customer Service,low,en
50,Issue Reported Concerning the Investments Optimization Tool,"Dear Customer Support, <br/> I am contacting you to address a problem I am experiencing with the investments optimization tool. The tool is failing to load data, which could be caused by insufficient system resources or software incompatibility. <br/> I have already attempted restarting my system and ensuring all updates are installed, yet the issue continues. <br/> I would be grateful if you could look into this and offer a solution as soon as possible. <br/> Thank you for your time and assistance. <br/> Sincerely, <br/> [Your Name]",We have noted your concern regarding the investments optimization tool. We will look into it and will contact you at <tel_num> if further assistance is needed.,Incident,Service Outages and Maintenance,low,en
51,Reduced Participation in Marketing Initiative,"Customer Support, we are observing low engagement levels across various platforms for our recent digital marketing campaign. This might be due to ineffective targeting or messaging. We have already made adjustments to the ad copy and demographic settings, but the results have not improved significantly. We would appreciate your assistance in identifying the root cause of this issue and providing recommendations to enhance our marketing strategy. Please let us know if you need any additional information from us. We look forward to your guidance.","I would be happy to help identify the root cause of the low engagement rates. Please provide details about the campaign, including the targeting settings and ad copy, so I can better understand the situation and provide recommendations to improve your marketing strategy.",Incident,Product Support,medium,en
52,Troubleshooting Data Retrieval Analytics System,Users have encountered data retrieval issues while optimizing investment analytics. The problem might be related to database connectivity errors. Steps such as restarting the Oracle Database and reconfiguring network settings have been attempted but the issue remains unresolved. Assistance is required to resolve this issue.,Please investigate the database connectivity errors and assist in resolving the Data Retrieval Analytics System issue. Kindly provide any error messages that have been received.,Incident,Product Support,medium,en
53,Enhancing Brand Growth with Advanced Analytics,"Customer Support, requesting the integration of advanced analytics tools into our marketing strategies. This will enable us to make data-driven decisions, enhance brand growth and consumer engagement. By leveraging these tools, we aim to gain valuable insights into consumer behavior, track key performance indicators, and optimize our campaigns for better results. We believe that this integration is crucial for our brand's success and would appreciate if you could look into it. Please let us know if there are any additional steps we need to take.","Reviewing your request for advanced analytics integration, we will contact you shortly at <tel_num> to discuss the details and move forward with the next steps.",Change,Product Support,medium,en
54,Data Leak Issue,"Unanticipated data leaks have been observed. It is possible that inadequate access controls are the reason. Restarting Redis 6.2 was attempted, but the problem continues. Additional support is required to address this.","I am investigating the data leak issue you have reported. To better assist you, could you provide more details about the leaks and your current access controls? It would be helpful if I could call you at <tel_num> to discuss further.",Problem,IT Support,medium,en
55,Report on the Data Breach Occurred Recently,"Greetings Customer Support Team,\n\nWe are contacting you to share that a data breach happened recently. Based on our initial findings, human error seems to be the root cause of this incident.\nTo manage the situation, we have initiated server restarts to prevent further unauthorized access. However, we urgently need your support to take all necessary actions to safeguard our customers' confidential data.\nPlease provide us with the specific actions required to address this issue and implement measures to avoid similar incidents in the future.\nYour prompt response in this matter would be greatly appreciated. We are awaiting your guidance.\nThank you for your cooperation and assistance.\n",I will examine the incident report and call you at <tel_num> to discuss the necessary actions to correct the situation.,Incident,Returns and Exchanges,high,en
56,Security protocols for safeguarding medical information in healthcare settings,Looking for assistance,I am able to offer guidance on security protocols for protecting medical data in hospitals. Please share more details regarding your specific requirements and worries.,Request,Customer Service,medium,en
57,No subject,request update software compatibility optimization tools enhance digital strategy execution brand growth enable us better serve customers improve overall performance,"received request for software compatibility optimization updates to enhance digital strategy execution and brand growth, will review and provide a plan to implement necessary changes to better serve customers and improve overall performance.",Change,IT Support,medium,en
58,Display Problem,"currently facing display problems with the SaaS platform on my Acer Predator XB273K Monitor. The issue might be related to compatibility problems with the monitor's resolution settings. I have already tried restarting the monitor and its software, but the problem still persists. I would greatly appreciate any assistance in resolving this issue.",will look into the display problem with the SaaS platform on your Acer Predator XB273K Monitor and contact you soon to discuss possible solutions and further troubleshooting steps.,Incident,Product Support,high,en
59,Problem with Project Upload,"Dear Customer Support,\n\nI am reaching out to report an issue that occurred when uploading a project. The error message was unclear, but it might have been caused by a server overload or a coding issue on the platform.\n\nI attempted several troubleshooting steps, including restarting my browser, clearing the cache, and ensuring my network connection was stable. Despite these efforts, the issue continues.\n\nHere are the details of what happened:\n- Error message appeared during project upload.\n- Possible causes: server overload or coding issue.\n- Efforts made: restarted browser, cleared cache, checked network connection.\n\nI would greatly appreciate your assistance in resolving this. If you need any additional information from me, please don't hesitate to ask.\n\nThank you for your time and help.\n\nBest regards,\n<user>","Dear <name>, thank you for reporting the upload problem. I will look into this matter and will contact you at <tel_num> if further information is needed. Please provide your <acc_num> for easier reference. I will get back to you with a solution or guidance on how to proceed with the project upload.",Problem,Technical Support,medium,en
60,Unexplained Duplicate Charges,There were unexpected duplicate transactions recorded last night.,"I am investigating the multiple charges that you have reported. To provide better assistance, could you kindly share your account number along with the dates of the questionable transactions? Once I have reviewed your account, I will get back to you promptly to outline the steps we can take to address this issue.",Problem,Billing and Payments,high,en
61,Support Request: Issue with Investment Predictions,"Dear Customer Support, I am reaching out to report a problem with the investment predictions. The predictions appear to be inaccurate and I suspect the data analytics tool may be malfunctioning. I have already restarted MATLAB and double-checked the data inputs, but the issue still exists. I would greatly appreciate any assistance you can provide to resolve this as quickly as possible. The inaccuracy is impacting my investments, and I need a resolution promptly. If you require any further details from me to address this, please let me know. I have been using the data analytics tool for some time now, and this is the first time I have encountered this issue. I am confident that with your support, we can resolve it and get the predictions back on track. Thank you for your attention and assistance. I look forward to your response and am available to discuss this further if needed.",We have noted your concerns regarding the investment predictions. We will look into this and may need to contact you for more details. Please provide a convenient time to call you at <tel_num> for a further discussion.,Problem,Technical Support,high,en
62,Enhance Data Analytics Workflow,I require assistance in connecting Alteryx with Python 3.9 to improve investment insights and enhance my data analytics workflow.,I will help you integrate Alteryx and Python for optimized data analytics. Please share more details about your current workflow.,Change,Returns and Exchanges,medium,en
63,Request for Immediate Website Content Update,Please update the website content to embody the latest digital marketing strategies and brand growth initiatives with contemporary designs.,"Dear [name], thank you for contacting us to update your website content. We recognize the significance of aligning your content with your new digital marketing strategies and brand growth initiatives. For a more tailored assistance, could you please share more specifics about the changes you envision? We propose scheduling a call at a time that is convenient for you to discuss modern design options and the timeline for the update. Kindly advise a suitable time to contact you at [tel_num], or we can arrange an alternative time that suits you.",Change,Customer Service,medium,en
64,Enquiry on Implementation and Onboarding Best Practices,"I am writing to seek insights into the best practices for implementing and onboarding new customers. Could you share the steps your team follows to ensure a seamless transition and successful integration of your product or service? I would greatly appreciate any information or resources you can provide, especially regarding the specific tools and strategies used to assist new customers during the onboarding phase.","Dear [Name],\n\nThank you for your interest in our implementation and onboarding best practices. Our team employs a structured approach to guarantee a smooth transition and successful integration of our product or service. Each new customer is assigned a dedicated onboarding specialist who guides them through the implementation process. We also utilize various tools, such as project management software and video conferencing platforms, to support new customers during onboarding. Additionally, we offer access to online resources, including user guides and training videos. If you wish to learn more about our onboarding process, I would be pleased to arrange a call to discuss further. Please let me know a convenient time to contact you at [Phone Number].",Request,Product Support,medium,en
65,No subject,"Customer Support, seeking guidance on digital strategies to effectively promote our brand. Could provide details on available information and tools that could assist us in enhancing our online presence and reaching our target audience? Appreciate your prompt assistance. Looking forward to your response soon.","Dear [Name], thank you for reaching out to our customer support team. We would be happy to assist you with digital strategies for promoting your brand. Our team can provide information and details on the practices and tools available to help you increase your online presence. For your convenience, we can discuss this over the phone. Please let us know a suitable time to assist you with your inquiry regarding digital strategies.",Request,Billing and Payments,medium,en
66,Request for Updating the Payment Gateway to Ensure HIPAA Compliance,"Hello Customer Support, I am reaching out to inquire about updating our payment gateway to guarantee the secure management of patient data and adherence to HIPAA standards. Our present payment system is obsolete and does not comply with the necessary security standards. I would appreciate it if we could install a new payment gateway that is HIPAA compliant and utilizes the most recent security measures to safeguard sensitive patient details. This upgrade is vital for preserving our patients' trust and preventing any potential data breaches. Could you please inform me about the procedures we need to follow for this update and any additional information you might require from me? I would greatly appreciate your swift response to this request and eagerly await your feedback.",I will review your request and contact you at <tel_num> to discuss the required steps for installing a HIPAA compliant payment gateway.,Change,Billing and Payments,high,en
67,No subject,"Dear Customer Support, I am reaching out to request enhancements to the data analytics tools to improve investment optimization. The current tools are lacking and do not provide the necessary insights for making informed decisions. I would like to see advanced features integrated into the existing software to significantly improve the user experience and provide a competitive advantage. I look forward to hearing from you soon.","Dear [Name], we appreciate your feedback regarding the data analytics tools and your request for enhancements with advanced features. A representative will contact you soon to discuss this further.",Change,Product Support,high,en
68,Performance Concern,"The data analytics platform is currently experiencing slow performance during investment simulations. This could be due to resource overloading or software compatibility issues. We have already attempted to restart the server, update Python libraries, and optimize Docker containers, but the issue still persists. This slow performance is impacting our ability to run simulations in a timely manner and make informed investment decisions. We would greatly appreciate your assistance in resolving this matter as soon as possible. Please let us know if you need more details or if a call would be more convenient. Our contact number is <tel_num> and your account number is <acc_num>. Thank you.","We are looking into the performance issue with the data analytics platform. To troubleshoot, could you please provide us with details about your system configuration, including the server specifications and the version of the operating system? Additionally, it would be helpful to know the exact error messages and the symptoms you are experiencing during the investment simulations. If further information is needed, we can schedule a call to discuss this further. Please let us know a suitable time to reach you at <tel_num> for account <acc_num>. Thank you.",Problem,Technical Support,medium,en
69,Request for Updating Analytics Tools,"Customer Support, requesting an update to the analytics tools to enhance investment optimization and data integration across all relevant products. The current tools are outdated and are impeding our ability to make informed decisions. I believe that updating the tools will significantly benefit the company and enable us to better serve our customers. I would greatly appreciate it if you could look into this matter and provide a solution as soon as possible. Thank you for your time and assistance. I look forward to hearing from you soon.",Received your request to update the analytics tools for improved investment optimization and data integration. Understand the importance of having up-to-date tools to make informed decisions. Will look into this matter and provide a solution as soon as possible. Thank you for bringing this to our attention and looking forward to touching base soon on the update.,Change,Service Outages and Maintenance,low,en
70,Urgently Strengthen Data Encryption and Access Controls,"To Whom It May Concern, I am contacting you to raise concerns regarding the current encryption and access control measures for medical records and hospital IT systems. Given the critical importance of patient data security, it is imperative that we take immediate steps to improve these safeguards. This includes adopting strong encryption techniques, utilizing multi-factor authentication, and enforcing strict access controls. Furthermore, we should engage in regular security audits and penetration testing to safeguard against any potential breaches. I would appreciate detailed information on the actions being implemented to enhance data security. I look forward to your prompt response. Thank you for addressing this matter with urgency.","Hello <name>, we acknowledge your concern about the encryption and access controls for medical records and hospital IT systems. We are taking prompt action to enhance security. Our team is rolling out robust encryption algorithms and multi-factor authentication. We will also perform regular security audits and penetration tests to ensure no vulnerabilities exist. Let's schedule a call at a convenient time for further discussion; please advise a suitable time via <tel_num>.",Change,Returns and Exchanges,medium,en
71,Request for Assistance with Financial Analytics Tools,"Encountering performance problems with financial analytics tools likely due to software conflicts and insufficient resources. Despite updating Malwarebytes and restarting devices, the issues continue.",Please investigate the performance issues with the financial analytics tools. Kindly provide details on the software conflicts and resource issues for further assistance.,Incident,Technical Support,high,en
72,Support for Integrating Drupal with Magento,I require assistance in the process of integrating Drupal with Magento to enhance our e-commerce platform. Could you offer detailed steps and best practices to ensure a smooth integration? A thorough guide would be very helpful for me to begin this project.,Please contact me for a comprehensive guide.,Request,Product Support,medium,en
73,Enhancement of Digital Toolkit,"Hello Customer Support, I am contacting you to seek information on updating our digital resources for our marketing agency. We aim to boost our brand development strategies and enhance the effectiveness of our marketing campaigns. Our current digital resources are out of date, which makes it challenging to stay current with the latest trends and technologies. Could you provide us with details on the available options, along with their costs and benefits? Specifically, we are keen to learn about integrating data analytics and social media management tools to gain deeper insights into our target audience and develop more effective marketing strategies. We would greatly appreciate any recommendations or advice you can offer regarding the upgrade of our digital toolkit and improving our marketing efforts. We look forward to your response. Best regards, [Your Name]","Hello [Your Name], thank you for reaching out regarding the enhancement of your digital resources. We are here to assist you in improving your brand development strategies and campaign effectiveness. Could you please share more details about your current digital resources and the specific challenges you are encountering? We can explore how to utilize data analytics and social media management tools to better understand your target audience. Could we arrange a call at your convenience to discuss further? Please let me know a suitable time.",Change,Product Support,medium,en
74,No subject,Encountering difficulties in generating precise investment reports through data analytics tools owing to data integration problems.,The <name> Service Desk team is currently addressing the data integration issue that is impacting investment reports. Please provide details of the error message you are receiving and any steps you have taken before the issue arose. We would like to schedule a call at a convenient time to discuss and explore potential solutions. I am available to call at <tel_num> today.,Problem,Product Support,low,en
75,Enhancing Integration Efficiency for Screen Recorder Tools,Seeking advice on optimizing better integration tools for Screen Recorder. It would be very helpful to know about practices that ensure seamless compatibility.,Will provide guidance on optimizing better integration tools for Screen Recorder shortly.,Request,Product Support,medium,en
76,Inquiry Into Brand Expansion Digital Tactics,Could you share details on the digital strategies services available for brand expansion? I would appreciate any information you can provide.,"Hello <name>, thank you for your inquiry about digital strategies for brand expansion. Our services encompass social media management, content creation, and online advertising. I am eager to discuss how these services can support your business growth. Could you arrange a call at <tel_num> for further discussion or do you prefer receiving more information via email at <acc_num> linked to your account?",Request,Customer Service,high,en
77,Problem with SaaS Dashboard Display,"I am contacting you to report an ongoing issue with the SaaS dashboard that is not loading properly. I believe that the problem could be due to conflicting integrations. I have already restarted the services, cleared the cache, and reviewed the logs, but the issue remains unresolved. I would greatly appreciate your help in resolving this situation. If you need any additional information from me to assist in diagnosing the issue, please let me know.","Dear <name>, thank you for reporting the problem with the SaaS dashboard. I appreciate the troubleshooting steps you have already performed. To better assist you, could you provide more information on the conflicting integrations you think may be causing the issue? Also, it would be useful to know the specific error message you encounter when the dashboard fails to load. If needed, I can arrange a call at a time convenient for you, please let me know when you are available at <tel_num>. I will work to resolve this issue as soon as possible.",Incident,Technical Support,low,en
78,No subject,"Customer Support, <br><br>I am submitting a report on a significant issue involving a data breach that compromised access to sensitive medical information. Initial investigations suggest the incident might have been caused by outdated security protocols. <br><br>We have already taken immediate action to update the system software and verify network configurations to ensure the integrity of the data. However, we require your assistance in investigating the matter and implementing additional measures to prevent future incidents. <br><br>Could you please acknowledge receipt of this report and appreciate the immediate actions we have taken to update the system software and verify network configurations? We need more information to proceed. Could you provide details about the incident, including the date and time it occurred and any error messages you received? This will help us provide you with guidance on the next steps and recommend necessary security updates and patches to prevent future incidents.","Name, we acknowledge the report of the data breach incident and appreciate the immediate actions taken to update the system software and verify network configurations. We are ready to assist you but require more information about the breach. Could you please provide details about the incident, including the date and time it occurred and any error messages you received? This information will guide us in recommending the necessary security updates and patches to prevent future incidents.",Incident,Customer Service,medium,en
79,Assistance with Billing Issues,Our company has encountered unanticipated billing inconsistencies with annual subscriptions. Efforts to address the problem have involved reviewing the billing history and reaching out to support.,"I am investigating the billing discrepancies related to your annual subscriptions. To better assist you, I would like to discuss the details of the issue. Could you please provide the specific information about the discrepancies you have found? It would be most convenient for me to call you at <tel_num> to resolve this matter. I am committed to reviewing the billing history to find a solution as soon as possible.",Problem,Billing and Payments,medium,en
80,Delayed Response Times,"A marketing agency is encountering delays in response times on digital strategy platforms, which is attributed to high server traffic.","We are reaching out to address the issue of delayed response times on digital strategy platforms, which is due to high server traffic. We apologize for the inconvenience caused to the marketing agency. To better assist you, could you please provide specific times when the delays occur, the average number of users accessing the platforms at those times, and your account number? This information will help us provide a suitable solution.",Incident,Technical Support,low,en
81,Problem Regarding Data Encryption,"Hello Customer Support, I am contacting you to report an ongoing issue with data encryption on our server. It appears the problem may be due to some software inconsistencies. After several attempts to troubleshoot, including restarting the server and reviewing the configuration, the issue still occurs. I have been unable to pinpoint the exact cause, and this problem is currently causing delays in our operations. I would greatly appreciate your assistance in identifying and fixing the source of the problem. If you need any additional information or steps from my side to resolve this, please inform me. I have already tried restarting the server and checking the configuration settings, but to no avail. I am requesting your help to address this matter promptly. Please let me know if there are any specific details or actions I need to take. I am available to provide more details or answer any of your queries. Thank you in advance for your support in resolving this data encryption issue. I look forward to your response and am reachable for further assistance if needed.",We will provide support for your data encryption problem; please send us the server logs and configuration details for further analysis and resolution.,Problem,Product Support,medium,en
82,Performance Concern in Data Analytics Platform,"Our data analytics platform is currently experiencing slow performance, particularly during investment simulations. This issue might be due to resource overloading or software compatibility problems. Despite our efforts to restart the server, update Python libraries, and optimize Docker containers, the problem continues. The slow performance is impacting our ability to run timely simulations and make informed investment decisions. We would greatly appreciate your assistance in resolving this matter promptly. Please let us know a suitable time to schedule a call at <tel_num> for further discussion regarding account <acc_num>. Thank you.","We are investigating the performance issue with the data analytics platform. To help troubleshoot, could you please provide details on your system configuration, including server specifications and the version of the operating system? Additionally, it would be helpful to know any specific error messages or symptoms you are experiencing during investment simulations. If you need assistance, we can schedule a call. Please let us know a suitable time to reach you at <tel_num> regarding account <acc_num>. Thank you.",Problem,Technical Support,medium,en
83,No subject,Could you provide details on solutions for securing medical data?,"Provide secure solutions for medical data, including encryption, access controls, and systems compliant with industry standards to protect sensitive information. For detailed discussions, I would be happy to call at your convenience to address your specific needs and provide the necessary information on solutions.",Request,Technical Support,medium,en
84,Delayed Dashboard Loading,Facing delayed load times when accessing project dashboards due to higher user activity. Tried clearing the cache and refreshing the browser.,"Received your report about delayed load times while accessing project dashboards due to increased user traffic. Despite clearing the cache and refreshing the browser, a deeper investigation is needed. Please provide details on the load times experienced and the number of users accessing the dashboards. You can contact us at <tel_num> to discuss potential solutions.",Problem,Customer Service,low,en
85,Enhancing Security Protocols for Medical Data on Hospital Network Equipment,"Respected support team, I am writing to seek advice on the security protocols recommended for safeguarding medical information on our hospital's network infrastructure and devices. Given the sensitive nature of the patient data we manage, we are keen on ensuring all data is protected against unauthorized access. Could you please offer some guidance on the best practices for implementing firewalls, encryption, and access controls? Thank you for your time and help.","Dear <name>, we understand your concern about securing medical data on your hospital's network and devices. To ensure the protection of sensitive patient information from unauthorized access, we advise adopting a comprehensive security framework that incorporates firewalls, encryption, and access controls. For firewalls, we recommend a next-generation model capable of identifying and thwarting advanced threats. For encryption, we suggest using a minimum of 256-bit encryption for both in-transit and at-rest data. Access controls should include multi-factor authentication, role-based access, and regular audits to maintain compliance.<br><br>We also advise conducting regular vulnerability assessments and penetration tests to pinpoint potential security weaknesses. Additionally, it is crucial to keep all devices and software updated with the latest security patches. If you would like to explore this further or require more detailed guidance, please let us know a suitable time for us to contact you at <tel_num>. We are eager to provide more specific recommendations and address any questions you may have regarding securing your hospital's network and devices. Our team is dedicated to helping you protect sensitive patient information. Please do not hesitate to reach out if you need further assistance.",Request,Billing and Payments,medium,en
86,Hospital Systems Security Breach Discovered,hospital systems security breach detected,We take the reported security breach in hospital systems very seriously and need more information to assist you. Please provide details about the breach and we will call at your earliest convenience to discuss further. Please let us know a suitable time to contact you.,Incident,Human Resources,high,en
87,No subject,Facing problems with data retrieval in Elasticsearch 7.13 on Debian 10 Buster after an upgrade.,Examine the data retrieval issues with Elasticsearch 7.13 on Debian 10 Buster. Contact support for assistance in resolving the issue.,Incident,IT Support,high,en
88,Patient Record Security Breach,"Dear Customer Support, <br><br>I am contacting you to address an urgent matter involving unauthorized access to our patient records. Our system flagged a potential breach, which might have resulted from a weak password policy or a phishing attempt. We have already initiated steps to secure our system by resetting passwords and performing a preliminary security assessment. However, we need your expert advice to carry out a comprehensive security audit and to strengthen our password policy. Additionally, we would be grateful for any advice on avoiding similar breaches in the future.<br><br>We appreciate your swift action on this matter and eagerly await your response.<br><br>Sincerely,<br>[Your Name]",I will supply you with detailed guidance on conducting a thorough security audit and implementing a more stringent password policy to prevent future breaches. I will contact you at your convenience to discuss these measures further.,Incident,Returns and Exchanges,low,en
89,Payment Methods for Subscription Plans,"Hello customer support, I would like to request information about the various payment methods accepted for our subscription plans. Could you please provide a list of the accepted payment options, such as credit cards, PayPal, or bank transfers? Additionally, I would appreciate it if you could inform me about any discounts available for long-term subscriptions. Before proceeding with a subscription, it is important for me to understand the payment terms. I look forward to your response and await further details. Kindly provide me with the necessary information or contact me at your convenience for a discussion.","Credit cards, PayPal, and bank transfers are accepted for our subscription plans. Discounts for long-term subscriptions are available, I will send you the details via email. If you need any further assistance, I can also contact you at your convenience.",Request,Billing and Payments,medium,en
90,Clarify Invoice Discrepancies,The marketing agency has observed inconsistencies in the billed amounts for digital tools and hardware purchases. This may be due to incorrect pricing on the invoice. Efforts to review account statements and contact vendors for clarification have not resolved the issue. I would appreciate it if you could look into the matter and provide a resolution as soon as possible.,"We are investigating the invoice discrepancies for the billed amounts related to digital tools and hardware purchases. Please allow us to review your account statements and invoices. Could you please provide your account number and specific invoice dates to help with our investigation? For your convenience, we prefer to discuss this matter further over the phone. Please let us know a suitable time to reach you at <tel_num>.",Incident,Billing and Payments,medium,en
91,Problem with Medical Information Access,"Access to medical information has been restricted, and there has been a system slowdown. This may be due to recent software updates or malware. Restarting the system and adjusting firewall settings did not resolve the issue.","Dear <name>, we are sorry for the difficulties you are experiencing with accessing your medical information. It appears you have already attempted to restart the system and check your firewall settings. We need to look into the recent software updates and any potential malware that could be causing the issue. Could you provide us with details on the software updates you have installed, along with the specific error message you are encountering? Additionally, your <acc_num> is required for further investigation, and we may need to contact you at <tel_num> to discuss the next steps.",Problem,IT Support,high,en
92,Urgent Support for Investment Tool,"The investment optimization tool is producing inaccurate asset allocation suggestions, possibly due to recent data integration issues. Despite restarting the application and validating data inputs, the problem remains. We appreciate your prompt attention and assistance in resolving this issue. Please let us know if you need any additional information. We look forward to your response soon.","Acknowledging the issue with the investment optimization tool and understanding the urgency, I will look into it promptly. To better assist you, could you provide specific details about the recent data integration issues and the incorrect asset allocation recommendations you are encountering? Additionally, for a more detailed discussion, please let me know a convenient time for a call, and I will be available at <tel_num>. We are committed to providing a solution.",Incident,Technical Support,high,en
93,Request for PyTorch Integration Details,"Is it possible to provide detailed information on the PyTorch integration with your project management SaaS? This information would be very helpful in understanding how to use the platform effectively. I would greatly appreciate any guidance or resources you can offer. Thank you in advance for your assistance, and I look forward to hearing from you soon.","To provide detailed information on the PyTorch integration with our project management SaaS, please allow us to call at <tel_num>. We are available for a call at your convenience to offer more information and answer any questions you may have regarding the integration process.",Request,Human Resources,medium,en
94,Medical Records Vanished,"The medical records have suddenly vanished from the database. There may be inadequate access controls causing this. Steps already taken include restarting the server, examining the backups, and reviewing the logs.","I am examining the issue regarding the disappearance of your medical records from the database. It appears you have appropriately started by rebooting the server and scrutinizing the backups and logs. To proceed further, I need to discuss this matter in greater detail with you. Could it be convenient for me to contact you at <tel_num> to gather additional information and outline the next steps to address this and ensure the protection of your data?",Incident,Technical Support,high,en
95,Problem with SaaS Platform Connectivity,"Customer Support, facing connectivity issues with the SaaS platform while using various integrated products. It might be due to recent updates causing compatibility conflicts. After clearing browser caches, reinstalling affected applications, and testing different network connections, the issues still persist. It seems the problems started after the latest update and are affecting multiple users. We would greatly appreciate it if you could look into this matter urgently and provide a solution or workaround to resolve the issue. Please let","Dear [Name], thank you for reaching out to us regarding the connectivity issues with the SaaS platform. We apologize for the inconvenience caused and appreciate the troubleshooting steps you have already taken. We would like to investigate this matter further and request detailed information about the integrated products and the exact error messages you are receiving. Could you please provide us with more details about the issues you are experiencing at your earliest convenience? We will call you at [tel_num] to discuss and provide a solution or workaround as soon as possible.",Problem,IT Support,high,en
96,Available Tools for Investment Optimization Analytics,"Dear Customer Support, I am contacting you to seek information on the analytics tools that are available for investment optimization and portfolio management. As an investor, I am keen on utilizing data-driven insights to enhance my investment decisions and boost potential returns. Could you kindly share with me a list of the analytics tools you recommend for this purpose? It would be greatly appreciated if you could provide details on their functionalities and highlight any case studies or success stories that showcase their effectiveness. Specifically, I am interested in learning more about risk management, portfolio diversification, and performance metrics. Additionally, I am curious about any tools that can assist in identifying new investment opportunities and keeping up with market trends. Thank you for your time and support. I am looking forward to your response. Best regards, [Your Name]","Dear [Your Name], we provide a range of analytics tools designed for investment optimization and portfolio management. These tools include functionalities such as risk management, portfolio diversification, and performance metrics. I would like to have a more in-depth discussion with you, and at your convenience, can I call you at [tel_num] to explore our tools further and address any questions you may have regarding our services for your [acc_num]?",Request,Billing and Payments,low,en
97,No subject,"A financial firm is facing software incompatibility issues following a recent system update. Reinstalling and updating the software might resolve the problem. To troubleshoot, could you please provide details on any error messages and specify which software is experiencing compatibility issues? Additionally, it would be helpful to know the versions of the software and operating system you are using. If needed, we can schedule a call for your convenience to discuss the issue and explore possible solutions. Please let us know.","We apologize for the inconvenience caused by the software incompatibility issues following a recent system update. We understand that reinstalling and updating the software might resolve the issue. To help troubleshoot, could you please provide details on any error messages and specify which software is experiencing compatibility issues? Additionally, it would be helpful to know the versions of the software and operating system you are using. If needed, we can schedule a call for your convenience to discuss the issue and explore possible solutions. Please let us know.",Incident,Technical Support,medium,en
98,Request to Update User Interface Color Scheme for Enhanced Accessibility,Looking to improve the user interface color scheme to better enhance accessibility for all users,"'name', we have received your request to update the user interface color scheme to improve accessibility. We appreciate your feedback and are committed to providing an inclusive experience for all users. To better understand your specific requirements, could you please provide more detailed information on the color scheme changes you are requesting and any specific accessibility needs you are trying to address? This will help us prioritize and implement the necessary updates effectively. We would prefer to discuss this further over the phone. Please let us know a convenient time for a call.",Change,Customer Service,low,en
99,Enquiry on Pricing for Large Team Plans,"I am contacting you to seek details on pricing options for large teams utilizing your project management software that supports multiple integrations. Kindly share the details of the various plans and their respective costs. Also, I would appreciate it if you could inform me about any discounts applicable for large teams. Furthermore, could you specify if there are any constraints on the number of integrations per plan? Thank you for your assistance.","Certainly, I can offer you pricing information for large teams. Please check our website for the available plans. I am willing to discuss discounts and integration limitations further. If you prefer, I can call you at <tel_num> to discuss these details in more depth.",Request,Billing and Payments,high,en
100,Support for Webcam,I would like to inquire about the possibility of incorporating webcam and hardware device compatibility into the project management software as a service (SaaS) platform to boost collaboration functionalities and user satisfaction.,We will evaluate the feasibility of adding webcam and hardware device compatibility to our SaaS platform to enhance collaboration capabilities.,Change,General Inquiry,low,en
101,Deviation in Investment Projections Noted Today,The investment projections diverged from anticipated results because of insufficient data visualization techniques. I examined the input data and also reviewed the system logs.,"Dear <name>, we thank you for your prompt notification. We are sorry to learn that the investment projections deviated unexpectedly. We intend to examine our data visualization methodologies to uncover the reasons behind this variance. Could you kindly supply more information about the particular data inputs and system logs you investigated? If necessary, we can arrange a call at <tel_num>; are you available at a time that suits you, or would you prefer us to suggest some options? We are committed to resolving this matter promptly for your <acc_num>.",Incident,Product Support,medium,en
102,Enhance Efficiency of Excel Data Imports for Investment Analytics,"Hello support team, I am contacting you to seek help in optimizing the process of importing data from Excel to enhance investment analytics and reporting efficiency. Our team currently devotes much time to manually transferring data from Excel sheets, which can result in inaccuracies and delays. I believe that by improving this procedure, we could increase our productivity and improve our returns. Could you provide advice on how to optimize our data import procedure? I would be grateful for any suggestions or solutions you can offer. Thank you for your time and assistance. We are looking forward to your prompt response.","Greetings [name], thank you for your inquiry to our service desk regarding the optimization of Excel data imports for investment analytics. We acknowledge the difficulties you are experiencing with manual imports and the risks of errors and delays. To provide more precise guidance, could you please supply us with additional information about your current import process, such as the frequency of imports and the type of data you are handling? This will assist us in offering more customized advice and solutions. We have tools available for automated data imports and integrations with Excel. Additionally, if necessary, we can schedule a call at [tel_num] to discuss your specific needs and provide a more comprehensive solution. We are eagerly awaiting the opportunity to assist you in streamlining your data import process and enhancing your investment analytics efficiency.",Change,Returns and Exchanges,low,en
103,Support Request for Billing Details Update,"I am writing to request an update to my billing details for my digital marketing subscriptions. Currently, I have multiple subscriptions with different payment due dates, which is confusing and inefficient. I would like to streamline the payment process to improve efficiency. Could you please assist me in updating my billing details to a single payment method for all my subscriptions? Additionally, I would greatly appreciate it if you could provide me with a detailed invoice of my current subscriptions. Your assistance would be greatly appreciated, and I look forward to your help.",We will assist you in updating your billing details to a single payment method. Please allow us to review your account <acc_num> and we will guide you through the next steps.,Change,Billing and Payments,high,en
104,Request for Upgrading Billing System,"Hello Customer Support, I am reaching out to propose an upgrade to our billing system. Presently, it caters only to one currency and payment type, which can be restrictive for our international customer base. I suggest enhancing the system to accommodate multiple currencies and payment methods. This adjustment would enable us to better cater to our global clientele and enhance their overall experience. It would also be advantageous to incorporate options like automatic currency conversion and the support for diverse payment gateways. I am confident that this upgrade would be a significant stride towards expanding our business on a global scale. We appreciate your consideration of my proposal.","Dear <name>, we appreciate your recommendation to upgrade our billing system to support multiple currencies and payment methods. We are reviewing your proposal and will consider integrating these features to improve our services for international customers. We will be in touch soon to discuss this further, and we are available to speak at your convenience on <tel_num> to delve into your request more deeply.",Change,Billing and Payments,high,en
105,Inquiry About Adobe Creative Cloud Payment Terms,I am writing to inquire about the payment methods for the Adobe Creative Cloud subscription. Could you please give me details about the available payment plans and any potential discounts? I would also like to know if there are any additional charges associated with this service.,"Hello <name>, we can discuss the payment plan options and potential discounts for your Adobe Creative Cloud subscription. Please call us at <tel_num> to go over the details of your <acc_num> account.",Request,Billing and Payments,medium,en
106,Guidance on Securing Medical Data in WordPress for Healthcare,"We are reaching out for assistance in securing medical data on a WordPress site for a healthcare provider. It is essential for our healthcare organization to handle sensitive patient information and ensure that our website is compliant with relevant regulations. Could you provide us with recommendations for plugins, themes, and secure practices for a WordPress site? We would greatly appreciate guidance on data encryption, access controls, and backup procedures. Additionally, we would like to know about specific WordPress features that can help maintain the confidentiality of patient data.","Thank you for your concern regarding the security of medical data on a WordPress site. To ensure compliance with regulations, we recommend using reputable plugins for data encryption and access controls, as well as implementing two-factor authentication. Regular backups are also crucial. We can discuss specific WordPress features and best practices to maintain the confidentiality, integrity, and availability of patient data in more detail. For a comprehensive discussion, we would be available to call at <tel_num> at your convenience. Please let us know a time that suits you, and we will suggest a suitable time for the call.",Request,Customer Service,low,en
107,No subject,Seeking assistance with billing,Kindly provide your account number for billing assistance,Problem,Billing and Payments,medium,en
108,Exploring Digital Strategies for Brand Growth,"Customer Support, we are here to assist with inquiries about our services that can help in achieving effective brand growth through digital strategies. We are keen to learn more about the services you can offer to help our business expand its online presence and increase brand awareness. Could you provide insights on various digital strategies such as social media marketing, email marketing, and search engine optimization? We would greatly appreciate any information on associated costs, case studies, and success stories.","Thank you for reaching out to the customer support team regarding digital strategies for brand growth. We offer a range of services including social media marketing, email marketing, and search engine optimization to assist businesses like yours in expanding your online presence and increasing brand awareness. Our team of experts, with extensive experience in the field of digital marketing, would be happy to provide you with information about our services and their costs. We can also share several case studies and success stories.",Request,Product Support,medium,en
109,Query Regarding Unplanned Website Crash,"Dear Customer Support,\n\nI hope this message finds you well. I am reaching out to report a significant issue that occurred with our website. It experienced an unexpected crash over the night. Our team has hypothesized that this might have been caused by high traffic, yet our attempts to address the problem have been unsuccessful thus far.\n\nAs part of the diagnostic process, we have already restarted the server and reviewed the logs, but no definitive cause has been identified. This situation is concerning as it has affected our users negatively, and we urgently require your assistance to resolve this matter swiftly.\n\nCould you please examine this issue and share any advice or support that you can offer? We would greatly appreciate any assistance you can provide to restore our website's functionality.\n\nThank you for your attention and cooperation.\n\nBest regards,\n[Your Name]","Dear [Your Name], I apologize for the issues you experienced with your website's unexpected crash last night. I am here to assist you. Could you kindly provide us with your server logs and details about the traffic surge you faced? This information will help us understand the situation better and offer you more precise guidance. Additionally, we will need your account number <acc_num> to proceed further. If necessary, I can call you at <tel_num> to discuss this further.",Problem,IT Support,high,en
110,Recurring Crash Issue in SaaS Platform,"Dear Customer Support, I am reporting a recurring issue with our project management SaaS system. The system has crashed multiple times during data uploads. Despite clearing the cache, restarting devices, and reinstalling the application, the issue continues. I suspect it might be due to incompatible software interactions or insufficient hardware resources. I would greatly appreciate if you could look into this matter and provide a solution or guidance to resolve the issue.",We apologize for the inconvenience caused by the crashing issue in your SaaS service. We will investigate this matter and request that you contact us at <tel_num> to discuss potential solutions and provide guidance to resolve the issue. Your account number is <acc_num>.,Problem,Technical Support,high,en
111,Problem with Office 365,Continuous data synchronization troubles,We are investigating the data synchronization issues with your Office 365 account. Could you please share the specific error messages you are receiving so we can more effectively resolve the problem?,Problem,Product Support,low,en
112,Inquiry into Features of HelloSign Integration for Project Management,I am contacting you to gain more insight into the features provided by HelloSign integration in the context of project management workflows. Could you give me an overview of how HelloSign can enhance my workflow and boost productivity? I would greatly appreciate any information you can offer regarding this topic.,"Dear <name>, we are grateful for your interest in HelloSign integration for project management workflows. HelloSign includes features like electronic signatures, workflow automation, and document management which can streamline your workflow and improve productivity. Our integration enables you to send and track documents for signature, automate reminders and notifications, and store signed documents in one location. I would be delighted to discuss this further with you and provide more details on how HelloSign can address your specific requirements. Would you be available for a call at your convenience to discuss this in more depth?",Request,Human Resources,low,en
113,Enhancements to User Interface for Project Management,"Requesting improvements to the user interface to enhance the navigation efficiency of project management features. The current layout is confusing and difficult to navigate, which has led to decreased productivity. I would suggest a streamlined and intuitive design that allows users to quickly access and manage projects. This could include features such as a dashboard overview, easy-to-use menus, and clear labeling. By improving the user interface, we believe users will be able to work more efficiently and effectively.","{name}, thank you for reaching out to us with your suggestions to improve the user interface for project management features. We appreciate your feedback and understand the importance of a streamlined and intuitive design in enhancing the user experience and productivity. We will definitely take your suggestions into consideration, including the dashboard overview, easy-to-use menus, and clear labeling. To better understand your requirements, could you please provide specific examples of the challenges you are facing with the current layout and how you envision the improved interface? This will help us in better understanding your needs.",Change,Customer Service,medium,en
114,Problem with Login to Account,"Respected Customer Support, I am currently facing challenges while trying to log into my account. I am unable to access it, and I believe the issue could be related to an outdated browser version. Having tried clearing the cache and restarting my browser, the problem still exists. I would be grateful if you could help me resolve this. Please advise on any further actions I should take or any information you need from me. Thank you for your assistance, and I am looking forward to your response. Kind regards.","Hello <name>, thank you for contacting us regarding the login problem with your account <acc_num>. We regret to hear that you are encountering difficulties. We appreciate the troubleshooting steps you have tried, such as clearing the cache and restarting your browser. To better assist you, could you please confirm your current browser version and the exact error message you receive during the login attempt? Also, please check if you can access the account using a different browser or device. If necessary, we can arrange a call at <tel_num> to guide you through further troubleshooting or resolve the issue directly. Please inform us of a suitable time for a call. We will endeavor to address this as soon as possible.",Problem,Customer Service,low,en
115,Support Concern Regarding Underperforming Marketing Campaigns,"Marketing campaigns are not performing well and this is adversely affecting brand growth. The problem might be due to misconfigurations resulting from a recent software update. Despite attempts to troubleshoot on multiple devices and check settings, the issue remains unresolved. We urgently need your help to address this to avoid further damage to our brand. Please look into this matter and provide a solution as soon as possible.",We will investigate the issue and advise you to contact us at <tel_num>. We will discuss the problem and provide a solution to resolve the underperforming marketing campaigns.,Problem,Technical Support,medium,en
116,Integration Options for Salesforce CRM,Can you provide details on the integration options available for Salesforce CRM?,"Certainly! We provide a range of integration options for Salesforce CRM, including API integration, pre-built connectors, and third-party applications. You can integrate with well-known services like Google Drive and Gmail, among others. For a comprehensive list of available integrations, please visit our website or feel free to reach out to me directly so I can offer more detailed information and help you find the best integration options to meet your requirements.",Request,Product Support,high,en
117,No subject,"Customer Support, I am writing to request an enhancement in the integration features for the project management SaaS platform. Currently, the integration capabilities are quite limited and do not provide seamless compatibility with existing products, leading to inefficiencies and additional workload for the team. I would like to request that you consider expanding the integration features to include better compatibility with existing products. This would greatly improve the workflow and overall user experience. I would appreciate it if you could look into this matter and provide a suitable solution.","<name>, thank you for reaching out to us regarding the request to enhance the integration features for the project management SaaS platform. We apologize for the inefficiencies and additional workload caused by the limited compatibility with existing products. We would like to learn more about the specific integration features you are looking for and the products you are currently using. Could you please provide us with more information on the desired integration capabilities? This will help us better understand your needs and provide a suitable solution. We will review your request.",Change,Product Support,high,en
118,Request for Information on Securing Medical Data Services for Healthcare Providers,Could you provide detailed information on securing medical data services for healthcare providers to ensure the confidentiality and integrity of patient information? Your assistance would be greatly appreciated.,"We take the security of medical data services for healthcare providers very seriously to ensure the confidentiality and integrity of patient information. We recommend implementing robust measures such as encryption, access controls, and regular audits to protect sensitive data. Please provide more details on your specific requirements so we can discuss further and offer a tailored solution for your next steps.",Request,IT Support,high,en
119,Problems with Data Integration Using Zapier and PostgreSQL,"I've been facing challenges with data integration while optimizing investments using different tools, and it might be due to incompatibility issues between Zapier and PostgreSQL. I've already tried reconfiguring Zapier settings and updating the relevant software, but the issue still persists. I would greatly appreciate your support in resolving this problem.",I would be happy to assist with your Zapier PostgreSQL integration issue. Could you please provide more details about the error message you're receiving so I can better help you?,Incident,Customer Service,low,en
120,Enhancing Data Security in Hospital Settings,Could you furnish detailed solutions for securing medical data in hospital settings? Seeking a reliable and efficient method to safeguard sensitive patient information.,"We can offer a range of solutions for securing medical data in hospital environments, including encryption, access controls, and monitoring systems. These solutions are designed to protect sensitive patient information and ensure compliance with regulatory requirements. I would be happy to discuss these solutions in more detail. Please provide your contact information so we can arrange a convenient time to call at <tel_num> for further discussion.",Request,Technical Support,high,en
